<map proto="1.4.2">
<name>Skynet</name>
<version>1.0.0</version>
<objective>Use the skynet to dominate the hills!</objective>
<authors>
    <author uuid="a1e6faac-7bfa-4f5c-b5df-06942518d218"/> <!-- EpicPuppy613 -->
</authors>
<teams>
    <team id="cyan" color="dark aqua" dye-color="cyan" max="25">Cyan</team>
    <team id="orange" color="gold" dye-color="orange" max="25">Orange</team>
</teams>
<kits>
    <kit id="spawn-kit">
        <clear/>
        <helmet unbreakable="true" team-color="true" material="leather helmet"/>
        <chestplate unbreakable="true" team-color="true" material="leather chestplate"/>
        <leggings unbreakable="true" material="chainmail leggings">
            <enchantment level="2">projectile_protection</enchantment>
        </leggings>
        <boots unbreakable="true" material="iron boots">
            <enchantment level="1">feather_falling</enchantment>
        </boots>
        <item slot="0" unbreakable="true" material="stone sword"/>
        <effect duration="4" amplifier="255">resistance</effect>
        <game-mode>survival</game-mode>
        <item slot="2" material="golden apple"/>
        <item slot="27" material="arrow" amount="24"/>
    </kit>
    <kit id="ground-kit">
        <item slot="1" unbreakable="true" material="bow"></item>
    </kit>
    <kit id="sky-kit">
        <item slot="2" unbreakable="true" material="diamond pickaxe" name="`bRail Remover`r"/>
        <item slot="3" material="rails" amount="64"/>
        <item slot="4" material="explosive minecart"/>
        <item slot="5" material="explosive minecart"/>
        <item slot="6" material="explosive minecart"/>
        <item slot="7" material="explosive minecart"/>
        <item slot="8" material="explosive minecart"/>
        <item slot="13" material="explosive minecart"/>
        <item slot="14" material="explosive minecart"/>
        <item slot="15" material="explosive minecart"/>
        <item slot="16" material="explosive minecart"/>
        <item slot="17" material="explosive minecart"/>
        <item slot="22" material="explosive minecart"/>
        <item slot="23" material="explosive minecart"/>
        <item slot="24" material="explosive minecart"/>
        <item slot="25" material="explosive minecart"/>
        <item slot="26" material="explosive minecart"/>
        <item slot="31" material="explosive minecart"/>
        <item slot="32" material="explosive minecart"/>
        <item slot="33" material="explosive minecart"/>
        <item slot="34" material="explosive minecart"/>
        <item slot="35" material="explosive minecart"/>
    </kit>
</kits>
<spawns>
    <default>
        <region yaw="180">
            <block>0.5,52,-37.5</block>
        </region>
    </default>
    <spawn team="cyan" kit="spawn-kit">
        <region yaw="90">
            <block>62.5,11,0.5</block>
        </region>
    </spawn>
    <spawn team="orange" kit="spawn-kit">
        <region yaw="-90">
            <block>-61.5,11,0.5</block>
        </region>
    </spawn>
</spawns>
<regions>
    <apply region="ground" block="never" use="never"/>
    <apply region="sky" block="rails"/>
    <below y="37" id="ground"/>
    <above y="37" id="sky"/> 
    <cylinder id="hill-n-area" base="0.5,9,-20.5" radius="5.5" height="6"/>
    <cylinder id="hill-s-area" base="0.5,3,21.5" radius="5.5" height="6"/>
    <cuboid id="hill-n-captured" min="-3,18,-32" max="4,26,-31"/>
    <cuboid id="hill-s-captured" min="-3,18,32" max="4,26,33"/>
    <!-- Jump Pads -->
    <apply velocity="0.0,2.8,0.0"> <!-- Cyan North -->
        <region>
            <cuboid min="53,6,-25" max="56,7,-22"/>
        </region>
    </apply>
    <apply velocity="0.0,2.8,0.0"> <!-- Cyan South -->
        <region>
            <cuboid min="53,6,23" max="56,7,26"/>
        </region>
    </apply>
    <apply velocity="0.0,2.8,0.0"> <!-- Orange North -->
        <region>
            <cuboid min="-55,6,-25" max="-52,7,-22"/>
        </region>
    </apply>
    <apply velocity="0.0,2.8,0.0"> <!-- Orange South -->
        <region>
            <cuboid min="-55,6,23" max="-52,7,26"/>
        </region>
    </apply>
</regions>
<filters>
    <all id="on-ground">
        <region id="ground"/>
        <participating/>
        <match-started/>
        <alive/>
    </all>
    <all id="on-sky">
        <region id="sky"/>
        <participating/>
        <match-started/>
        <alive/>
    </all>
    <material id="rails">rails</material>
</filters>
<king>
    <hills required="false" capture-time="5s" points="2" time-multiplier="0" show-progress="true" neutral-state="true" incremental="true" permanent="false">
        <hill name="North Hill" capture="hill-n-area" progress="hill-n-area" captured="hill-n-captured"/>
        <hill name="South Hill" capture="hill-s-area" progress="hill-s-area" captured="hill-s-captured"/>
    </hills>
</king>
<score>
    <limit>2000</limit>
</score>
<itemremove>
    <item>golden apple</item>
    <item>diamond pickaxe</item>
    <item>leather helmet</item>
    <item>leather chestplate</item>
    <item>chainmail leggings</item>
    <item>iron boots</item>
    <item>explosive minecart</item>
    <item>rails</item>
    <item>arrow</item>
    <item>bow</item>
    <item>stone sword</item>
</itemremove>
<kill-reward>
    <item material="golden apple"/>
    <item material="arrow" amount="6"/>
</kill-reward>
<hunger>
    <depletion>off</depletion>
</hunger>
<tnt>
    <blockdamage>false</blockdamage>
</tnt>
<actions>
    <action id="remove-sky" scope="player">
        <replace-item>
            <find material="rails"/>
            <replace material="air"/>
        </replace-item>
        <replace-item>
            <find material="diamond pickaxe" name="`bRail Remover`r" unbreakable="true"/>
            <replace material="air"/>
        </replace-item>
        <replace-item>
            <find material="explosive minecart"/>
            <replace material="air"/>
        </replace-item>
        <kit id="ground-kit"/>
    </action>
    <action id="remove-ground" scope="player">
        <replace-item>
            <find material="bow" unbreakable="true"/>
            <replace material="air"/>
        </replace-item>
        <kit id="sky-kit"/>
    </action>
    <trigger id="leave-ground" filter="on-sky" scope="player" action="remove-ground"/>
    <trigger id="leave-sky" filter="on-ground" scope="player" action="remove-sky"/>
</actions>
<respawn delay="3s"/>
</map>
