{
	"credit": "Made with Blockbench",
	"textures": {
		"1": "blocks/enchanting_table_top",
		"2": "blocks/obsidian",
		"3": "blocks/enchanting_table_overlay",
		"4": "block/blank",
		"particle": "blocks/enchanting_table_overlay"
	},
	"elements": [
		{
			"from": [0, 7, 0],
			"to": [16, 12, 16],
			"rotation": {"angle": 0, "axis": "y", "origin": [8, 19, 8]},
			"faces": {
				"north": {"uv": [0, 4, 16, 9], "texture": "#3"},
				"east": {"uv": [0, 4, 16, 9], "texture": "#3"},
				"south": {"uv": [0, 4, 16, 9], "texture": "#3"},
				"west": {"uv": [0, 4, 16, 9], "texture": "#3"},
				"up": {"uv": [0, 0, 16, 16], "texture": "#1"},
				"down": {"uv": [0, 0, 16, 16], "texture": "#4"}
			}
		},
		{
			"from": [0, 0, 0],
			"to": [16, 7, 16],
			"faces": {
				"north": {"uv": [0, 9, 16, 16], "texture": "#2"},
				"east": {"uv": [0, 9, 16, 16], "texture": "#2"},
				"south": {"uv": [0, 9, 16, 16], "texture": "#2"},
				"west": {"uv": [0, 9, 16, 16], "texture": "#2"},
				"up": {"uv": [0, 0, 16, 16], "texture": "#2"},
				"down": {"uv": [0, 0, 16, 16], "texture": "#2"}
			}
		},
		{
			"from": [0, 7, 0],
			"to": [7, 8, 7],
			"rotation": {"angle": 0, "axis": "y", "origin": [8, 15, 8]},
			"faces": {
				"north": {"uv": [9, 8, 16, 9], "texture": "#2"},
				"east": {"uv": [0, 0, 7, 1], "texture": "#2"},
				"south": {"uv": [0, 0, 7, 1], "texture": "#2"},
				"west": {"uv": [0, 8, 7, 9], "texture": "#2"},
				"up": {"uv": [0, 0, 7, 7], "texture": "#2"},
				"down": {"uv": [0, 0, 7, 7], "texture": "#2"}
			}
		},
		{
			"from": [9, 7, 9],
			"to": [16, 8, 16],
			"rotation": {"angle": 0, "axis": "y", "origin": [17, 15, 17]},
			"faces": {
				"north": {"uv": [0, 0, 7, 1], "texture": "#2"},
				"east": {"uv": [0, 8, 7, 9], "texture": "#2"},
				"south": {"uv": [9, 8, 16, 9], "texture": "#2"},
				"west": {"uv": [0, 0, 7, 1], "texture": "#2"},
				"up": {"uv": [0, 0, 7, 7], "texture": "#2"},
				"down": {"uv": [0, 0, 7, 7], "texture": "#2"}
			}
		},
		{
			"from": [0, 7, 9],
			"to": [7, 8, 16],
			"rotation": {"angle": 0, "axis": "y", "origin": [8, 15, 17]},
			"faces": {
				"north": {"uv": [0, 0, 7, 1], "texture": "#2"},
				"east": {"uv": [0, 0, 7, 1], "texture": "#2"},
				"south": {"uv": [0, 8, 7, 9], "texture": "#2"},
				"west": {"uv": [9, 8, 16, 9], "texture": "#2"},
				"up": {"uv": [0, 0, 7, 7], "texture": "#2"},
				"down": {"uv": [0, 0, 7, 7], "texture": "#2"}
			}
		},
		{
			"from": [9, 7, 0],
			"to": [16, 8, 7],
			"rotation": {"angle": 0, "axis": "y", "origin": [17, 15, 8]},
			"faces": {
				"north": {"uv": [0, 8, 7, 9], "texture": "#2"},
				"east": {"uv": [9, 8, 16, 9], "texture": "#2"},
				"south": {"uv": [0, 0, 7, 1], "texture": "#2"},
				"west": {"uv": [0, 0, 7, 1], "texture": "#2"},
				"up": {"uv": [0, 0, 7, 7], "texture": "#2"},
				"down": {"uv": [0, 0, 7, 7], "texture": "#2"}
			}
		},
		{
			"from": [0, 8, 10],
			"to": [16, 9, 13],
			"rotation": {"angle": 0, "axis": "y", "origin": [23, 16, 18]},
			"faces": {
				"north": {"uv": [0, 0, 16, 1], "texture": "#2"},
				"east": {"uv": [3, 7, 6, 8], "texture": "#2"},
				"south": {"uv": [0, 0, 16, 1], "texture": "#2"},
				"west": {"uv": [10, 7, 13, 8], "texture": "#2"},
				"up": {"uv": [0, 0, 16, 3], "texture": "#2"},
				"down": {"uv": [0, 0, 16, 3], "texture": "#2"}
			}
		},
		{
			"from": [0, 8, 3],
			"to": [16, 9, 6],
			"rotation": {"angle": 0, "axis": "y", "origin": [23, 16, 11]},
			"faces": {
				"north": {"uv": [0, 0, 16, 1], "texture": "#2"},
				"east": {"uv": [10, 8, 13, 9], "texture": "#2"},
				"south": {"uv": [0, 0, 16, 1], "texture": "#2"},
				"west": {"uv": [3, 7, 6, 8], "texture": "#2"},
				"up": {"uv": [0, 0, 16, 3], "texture": "#2"},
				"down": {"uv": [0, 0, 16, 3], "texture": "#2"}
			}
		},
		{
			"from": [10, 8, 0],
			"to": [13, 9, 16],
			"rotation": {"angle": 0, "axis": "y", "origin": [5, 16, 23]},
			"faces": {
				"north": {"uv": [3, 7, 6, 8], "texture": "#2"},
				"east": {"uv": [0, 0, 16, 1], "texture": "#2"},
				"south": {"uv": [10, 7, 13, 8], "texture": "#2"},
				"west": {"uv": [0, 0, 16, 1], "texture": "#2"},
				"up": {"uv": [0, 0, 16, 3], "rotation": 90, "texture": "#2"},
				"down": {"uv": [0, 0, 16, 3], "rotation": 270, "texture": "#2"}
			}
		},
		{
			"from": [3, 8, 0],
			"to": [6, 9, 16],
			"rotation": {"angle": 0, "axis": "y", "origin": [-2, 16, 23]},
			"faces": {
				"north": {"uv": [10, 7, 13, 8], "texture": "#2"},
				"east": {"uv": [0, 0, 16, 1], "texture": "#2"},
				"south": {"uv": [3, 7, 6, 8], "texture": "#2"},
				"west": {"uv": [0, 0, 16, 1], "texture": "#2"},
				"up": {"uv": [0, 0, 16, 3], "rotation": 90, "texture": "#2"},
				"down": {"uv": [0, 0, 16, 3], "rotation": 270, "texture": "#2"}
			}
		},
		{
			"from": [4, 9, 0],
			"to": [5, 10, 16],
			"rotation": {"angle": 0, "axis": "y", "origin": [-3, 17, 8]},
			"faces": {
				"north": {"uv": [11, 6, 12, 7], "texture": "#2"},
				"east": {"uv": [0, 0, 16, 1], "texture": "#2"},
				"south": {"uv": [4, 6, 5, 7], "texture": "#2"},
				"west": {"uv": [0, 0, 16, 1], "texture": "#2"},
				"up": {"uv": [0, 0, 16, 1], "rotation": 90, "texture": "#2"},
				"down": {"uv": [0, 0, 16, 1], "rotation": 270, "texture": "#2"}
			}
		},
		{
			"from": [0, 9, 4],
			"to": [16, 10, 5],
			"rotation": {"angle": 0, "axis": "y", "origin": [8, 17, -3]},
			"faces": {
				"north": {"uv": [0, 0, 16, 1], "texture": "#2"},
				"east": {"uv": [11, 6, 12, 7], "texture": "#2"},
				"south": {"uv": [0, 0, 16, 1], "texture": "#2"},
				"west": {"uv": [4, 6, 5, 7], "texture": "#2"},
				"up": {"uv": [0, 0, 16, 1], "rotation": 180, "texture": "#2"},
				"down": {"uv": [0, 0, 16, 1], "rotation": 180, "texture": "#2"}
			}
		},
		{
			"from": [11, 9, 0],
			"to": [12, 10, 16],
			"rotation": {"angle": 0, "axis": "y", "origin": [19, 17, 8]},
			"faces": {
				"north": {"uv": [4, 6, 5, 7], "texture": "#2"},
				"east": {"uv": [0, 0, 16, 1], "texture": "#2"},
				"south": {"uv": [11, 6, 12, 7], "texture": "#2"},
				"west": {"uv": [0, 0, 16, 1], "texture": "#2"},
				"up": {"uv": [0, 0, 16, 1], "rotation": 270, "texture": "#2"},
				"down": {"uv": [0, 0, 16, 1], "rotation": 90, "texture": "#2"}
			}
		},
		{
			"from": [0, 9, 11],
			"to": [16, 10, 12],
			"rotation": {"angle": 0, "axis": "y", "origin": [8, 17, 19]},
			"faces": {
				"north": {"uv": [0, 0, 16, 1], "texture": "#2"},
				"east": {"uv": [4, 6, 5, 7], "texture": "#2"},
				"south": {"uv": [0, 0, 16, 1], "texture": "#2"},
				"west": {"uv": [11, 6, 12, 7], "texture": "#2"},
				"up": {"uv": [0, 0, 16, 1], "texture": "#2"},
				"down": {"uv": [0, 0, 16, 1], "texture": "#2"}
			}
		}
	]
}