<map proto="1.4.2">

<name>Castle Assault</name>
<version>1.2.0</version>
<objective>Attack the enemy castle / Defend the castle against enemy attackers</objective>
<authors>
    <author uuid="a1e6faac-7bfa-4f5c-b5df-06942518d218" />
</authors>

<maxbuildheight>74</maxbuildheight>

<broadcasts>
    <alert after="1s" every="5m" count="oo">Stage 1: Bring the TNT to the castle wall<filter><filter id="attacker-only" /></filter></alert>
    <alert after="2s" every="5m" count="oo">Stage 2: Blow up the castle wall (TNT is in the inventory)<filter><filter id="attacker-only" /></filter></alert>
    <alert after="3s" every="5m" count="oo">Stage 3: Capture the castle courtyard<filter><filter id="attacker-only" /></filter></alert>

    <alert after="1s" every="5m" count="oo">Stage 1: Prevent the attackers from bringing the TNT to the wall<filter><filter id="defender-only" /></filter></alert>
    <alert after="2s" every="5m" count="oo">Stage 2: Don't let the attackers blow up the castle wall<filter><filter id="defender-only" /></filter></alert>
    <alert after="3s" every="5m" count="oo">Stage 3: Defend the castle courtyard<filter><filter id="defender-only" /></filter></alert>
</broadcasts>

<gamemode>ad</gamemode>
<gamemode>mixed</gamemode>

<teams>
    <team id="attacker" color="DARK_RED" max="24" plural="true">Attackers</team>
    <team id="defender" color="DARK_GRAY" max="24" plural="true">Defenders</team>
</teams>

<kits>
    <kit id="spawn" force="true">
        <clear />
        <helmet team-color="true" material="LEATHER_HELMET" unbreakable="true" />
        <leggings material="CHAINMAIL_LEGGINGS" unbreakable="true">
            <enchantment>blast_protection</enchantment>
        </leggings>
        <item material="IRON_SWORD" slot="0" unbreakable="true" />
        <item material="ARROW" slot="28" />
        <item material="GOLDEN_APPLE" slot="7" />
        <item material="COOKED_BEEF" slot="8" amount="64" />
        <item material="WOOD" slot="5" amount="64" />
        <item material="DIAMOND_PICKAXE" slot="2" unbreakable="true" />
        <item material="IRON_AXE" slot="3" unbreakable="true" />
        <effect duration="2" amplifier="5">resistance</effect>
        <effect duration="2" amplifier="5">regeneration</effect>
        <saturation>10</saturation>
        <foodlevel>20</foodlevel>
    </kit>
    <kit id="attacker-base" parents="spawn">
        <chestplate material="CHAINMAIL_CHESTPLATE" unbreakable="true">
            <enchantment>projectile_protection</enchantment>
        </chestplate>
        <boots team-color="true" material="LEATHER_BOOTS" unbreakable="true">
            <enchantment>feather_falling</enchantment>
        </boots>
        <item material="BOW" unbreakable="true">
            <enchantment>infinity</enchantment>
        </item>
        <item material="TNT" slot="33" amount="16" />
        <item material="REDSTONE_TORCH_ON" slot="32" amount="16" />
    </kit>
    <kit id="defender-base" parents="spawn">
        <chestplate material="IRON_CHESTPLATE" unbreakable="true">
            <enchantment>projectile_protection</enchantment>
        </chestplate>
        <boots team-color="true" material="LEATHER_BOOTS" unbreakable="true">
            <enchantment level="2">feather_falling</enchantment>
        </boots>
        <item material="BOW" unbreakable="true">
            <enchantment>infinity</enchantment>
            <enchantment level="2">power</enchantment>
            <enchantment>punch</enchantment>
        </item>
        <item material="SMOOTH_BRICK" slot="6" amount="8" />
    </kit>
</kits>

<spawns>
    <spawn team="attacker" yaw="-90" filter="stage0-only" kit="attacker-base">
        <regions><point>-85.5,58,0.5</point></regions>
    </spawn>
    <spawn team="attacker" yaw="0" filter="stage1" kit="attacker-base">
        <regions><point>-14.5,54,-19.5</point></regions>
    </spawn>
    <spawn team="defender" yaw="90" kit="defender-base">
        <regions><point>110.5,61,0.5</point></regions>
    </spawn>
    <default>
        <regions><point>0.5,60,0.5</point></regions>
    </default>
</spawns>

<filters>
    <team id="attacker-only">attacker</team>
    <team id="defender-only">defender</team>
    <objective id="stage1" team="attacker">tnt</objective>
    <objective id="stage2" team="attacker">wall</objective>
    <objective id="stage3" team="attacker">courtyard</objective>
    <any id="wall-check">
        <filter id="defender-only" />
        <all>
            <filter id="stage1" />
            <filter id="attacker-only" />
        </all>
    </any>
    <any id="building-blocks">
        <material>WOOD</material>
        <material>LONG_GRASS</material>
        <all>
            <any>
                <material>TNT</material>
                <material>REDSTONE_TORCH_ON</material>
                <material>REDSTONE_TORCH_OFF</material>
            </any>
            <filter id="stage1" />
        </all>
    </any>
    <deny id="tnt-siege">
        <not><any>
            <filter id="building-blocks" />
            <all>
                <any>
                    <material>TNT</material>
                    <material>REDSTONE_TORCH_ON</material>
                    <material>REDSTONE_TORCH_OFF</material>
                </any>
                <filter id="stage1" />
            </all>
            <material>SMOOTH_BRICK</material>
        </any></not>
    </deny>
    <any id="wall-blocks">
        <filter id="building-blocks" />
        <filter id="wall-check" />
    </any>
    <all id="stage0-only">
        <not><any>
            <filter id="stage1" />
            <filter id="stage2" />
        </any></not>   
    </all>
</filters>

<regions>
    <cuboid id="cubewall" min="54,70,-4" max="59,58,5" />
    <apply message="You can not modify the void area!">
        <region>
            <everywhere />
        </region>
        <block>
            <deny><void /></deny>
        </block>
    </apply>
    <apply message="You can not modify the control point area!" early-warning="true" block="never">
        <region><cylinder base="77.5,55,0.5" radius="10" height="100" /></region>
    </apply>
    <apply message="You have to siege the castle first!" block-break="wall-check" early-warning="true" region="cubewall"></apply>
    <apply message="You can only place building blocks and tnt in the wall area!" block-place="wall-blocks" early-warning="true" region="cubewall"></apply>
    <apply message="You can only break blocks built by players!" early-warning="true" block-break="building-blocks">
        <region><cuboid min="-100,0,-60" max="113,100,61" /></region>
    </apply>
    <apply message="TNT can only be placed after the siege!" early-warning="true" block-place="tnt-siege">
        <region><cuboid min="-100,0,-60" max="113,100,61" /></region>
    </apply>
    <apply message="You can only place building blocks!" early-warning="true" block-place="building-blocks">
        <region><cuboid min="-100,0,-60" max="113,100,61" /></region>
    </apply>
</regions>

<payloads>
    <payload id="tnt" location="-68,59,0" radius="4" name="TNT" capture-time="90s" capture-filter="attacker-only" recovery-rate="0.25" time-multiplier="0.1" />
</payloads>

<destroyables>

    <destroyable id="wall" required="false" name="Castle Wall" owner="defender" materials="SMOOTH_BRICK" completion="90" show-progress="true" region="cubewall">
    </destroyable>

</destroyables>

<control-points>

    <control-point id="courtyard" name="Courtyard" required="true" show-progress="true" capture-time="60" decay-rate="0.1" recovery-rate="0.25">
        <capture><cylinder base="77.5,58,0.5" radius="5" height="40" /></capture>
        <progress><cylinder base="77.5,58,0.5" radius="5" height="25" /></progress>
        <capture-filter>
            <all>
                <filter id="attacker-only" />
                <any>
                    <filter id="stage2" />
                    <match-phase>idle</match-phase>
                </any>
            </all>
        </capture-filter>
        <player-filter>
            <any>
                <filter id="attacker-only" />
                <filter id="defender-only" />
            </any>
        </player-filter>
    </control-point>

</control-points>

<itemremove>
    <item>SMOOTH_BRICK</item>
    <item>WOOD</item>
    <item>IRON_SWORD</item>
    <item>LEATHER_HELMET</item>
    <item>DIAMOND_PICKAXE</item>
    <item>IRON_AXE</item>
    <item>BOW</item>
    <item>ARROW</item>
    <item>CHAINMAIL_CHESTPLATE</item>
    <item>CHAINMAIL_LEGGINGS</item>
    <item>COOKED_BEEF</item>
    <item>IRON_CHESTPLATE</item>
    <item>TNT</item>
    <item>REDSTONE_TORCH_ON</item>
    <item>IRON_CHESTPLATE</item>
    <item>LEATHER_BOOTS</item>
</itemremove>

<time result="defender">20m</time>

<damage>
    <deny>
        <cause>explosion</cause>
    </deny>
</damage>

</map>