<map proto="1.4.0">

<name>Blast Mining</name>
<version>1.0.0</version>
<objective>Blast your way through the map to destroy the enemy monument</objective>
<authors>
    <author uuid="a1e6faac-7bfa-4f5c-b5df-06942518d218"/> <!-- EpicPuppy613 -->
</authors>
<gamemode>dtm</gamemode>

<broadcasts>
    <alert after="3s">TNT explodes after 2 seconds (2x faster than normal)</alert>
    <tip after="6s">The color of the terracotta in the blocks shows how close you are to the other side</tip>
    <tip after="9s">You gain tnt on kill</tip>
    <tip after="12s">A killstreak of 3 will upgrade your armor's blast protection</tip>
    <tip after="10m" count="oo">The color of the terracotta in the blocks shows how close you are to the other side</tip>
</broadcasts>

<teams>
    <team id="blue" color="BLUE" overhead-color="BLUE" max="20" max-overfill="30">Blue</team>
    <team id="red" color="RED" overhead-color="RED" max="20" max-overfill="30">Red</team>
</teams>

<destroyables materials="GOLD_BLOCK;LOG;GLASS">

<destroyable id="bs" name="South Monument" owner="blue">
    <region><cuboid min="-62,58,17" max="-53,64,24"/></region>
</destroyable>
<destroyable id="bn" name="North Monument" owner="blue">
    <region><cuboid min="-62,58,-23" max="-53,64,-16"/></region>
</destroyable>
<destroyable id="rs" name="South Monument" owner="red">
    <region><cuboid min="54,58,17" max="63,64,24"/></region>
</destroyable>
<destroyable id="rn" name="North Monument" owner="red">
    <region><cuboid min="54,58,-23" max="63,64,-16"/></region>
</destroyable>

</destroyables>

<spawns>
    <default>
        <regions yaw="0">
            <cuboid min="0.5,74,0.5" max="0.5,74,0.5"/>
        </regions> 
    </default>
    <spawn team="red" kit="kitred">
        <regions yaw="90">
            <cuboid min="74.5,59,0.5" max="74.5,59,0.5"/>
        </regions> 
    </spawn>
    <spawn team="blue" kit="kitblue">
        <regions yaw="-90">
            <cuboid min="-74.5,59,0.5" max="-74.5,59,0.5"/>
        </regions> 
    </spawn>
</spawns>

<kits>

<kit id="kit">
    <item slot="0" unbreakable="true" material="IRON_SWORD"/>
    <item slot="1" unbreakable="true" material="BOW"/>
    <item slot="2" unbreakable="true" material="WOOD_PICKAXE"/>
    <item slot="6" material="TNT" amount="32"/>
    <item slot="7" material="GOLDEN_APPLE"/>
    <item slot="8" material="COOKED_BEEF" amount="32"/>
    <item slot="28" material="ARROW" amount="32"/>
    <chestplate unbreakable="true" material="IRON_CHESTPLATE">
        <enchantment level="2">PROTECTION_EXPLOSIONS</enchantment>
    </chestplate>
    <leggings unbreakable="true" material="CHAINMAIL_LEGGINGS">
        <enchantment level="2">PROTECTION_EXPLOSIONS</enchantment>
    </leggings>
    <effect duration="3" amplifier="1">instant_health</effect>
    <effect duration="oo">night_vision</effect>
</kit>

<kit id="kitblue" parents="kit">
    <item slot="5" material="STAINED_CLAY" damage="11" amount="32"/>
    <item slot="4" material="STAINED_GLASS" damage="11" amount="64"/>
    <item slot="31" material="STAINED_GLASS" damage="11" amount="64"/>
    <helmet unbreakable="true" color="0066cc" material="LEATHER_HELMET"/>
    <boots unbreakable="true" color="0066cc" material="LEATHER_BOOTS"/>
</kit>

<kit id="kitred" parents="kit">
    <item slot="5" material="STAINED_CLAY" damage="14" amount="32"/>
    <item slot="4" material="STAINED_GLASS" damage="14" amount="64"/>
    <item slot="31" material="STAINED_GLASS" damage="14" amount="64"/>
    <helmet unbreakable="true" color="cd0000" material="LEATHER_HELMET"/>
    <boots unbreakable="true" color="cd0000" material="LEATHER_BOOTS"/>
</kit>

</kits>

<tnt>
    <instantignite>true</instantignite>
    <fuse>2s</fuse>
    <yield>0</yield>
</tnt>

<kill-rewards>
<kill-reward>
    <item amount="16" material="TNT"/>
    <item amount="1" material="GOLDEN_APPLE"/>
</kill-reward>
<kill-reward>
    <filter>
        <kill-streak count="3" repeat="false"/>
    </filter>
    <kit>
        <chestplate unbreakable="true" material="IRON_CHESTPLATE">
            <enchantment level="3">PROTECTION_EXPLOSIONS</enchantment>
        </chestplate>
        <leggings unbreakable="true" material="CHAINMAIL_LEGGINGS">
            <enchantment level="3">PROTECTION_EXPLOSIONS</enchantment>
        </leggings>
    </kit>
</kill-reward>
</kill-rewards>

<itemremove>
    <item>tnt</item>
    <item>iron_sword</item>
    <item>stained_clay</item>
    <item>stained_glass</item>
    <item>wood_pickaxe</item>
    <item>cooked_beef</item>
    <item>golden_apple</item>
    <item>bow</item>
    <item>arrow</item>
    <item>leather_helmet</item>
    <item>leather_boots</item>
    <item>iron_chestplate</item>
    <item>chainmail_leggings</item>
    <item>cobblestone</item>
    <item>stone</item>
</itemremove>

<filters>
    <any id="monument-blocks">
        <material>GOLD_BLOCK</material>
        <material>LOG</material>
        <material>GLASS</material>
    </any>
    <material id="tnt">TNT</material>
</filters>
<regions>
    <union id="spawn-protection">
        <cuboid min="65,50,-32" max="78,72,33"/>
        <cuboid min="-77,50,-32" max="-64,72,33"/>
    </union>
    <union id="front-protection">
        <cuboid min="54,50,-32" max="66,72,33"/>
        <cuboid min="-65,50,-32" max="-53,72,33"/>
    </union>
    <apply block-break="never" block-place="never" region="spawn-protection" message="You may not modify the spawns!"/>
    <apply block-break="monument-blocks" block-place="tnt" region="front-protection" message="You may only place TNT on the fronlines!"/>
</regions>

</map>