<?xml version="1.0"?>
<map proto="1.4.0">
<name>Blast Mining II</name>
<version>1.0.0</version>
<objective>Blast your way through the map to destroy the enemy's monument! Now with 2 lanes!</objective>
<created>2023-07-02</created>
<authors>
    <author uuid="a1e6faac-7bfa-4f5c-b5df-06942518d218"/> <!-- EpicPuppy613 -->
</authors>
<gamemode>dtm</gamemode>
<teams>
    <team id="green-team" color="green" max="25">Green</team>
    <team id="red-team" color="red" max="25">Red</team>
</teams>
<spawns>
    <default>
        <regions yaw="0">
            <cuboid min="0.5,25,0.5" max="0.5,25,0.5"/>
        </regions>
    </default>
    <spawn team="red-team" kit="spawn-kit">
        <regions yaw="-90">
            <cuboid min="-85.5,26,-0.5" max="-83.5,26,1.5"/>
        </regions>
    </spawn>
    <spawn team="green-team" kit="spawn-kit">
        <regions yaw="90">
            <cuboid min="85.5,26,-0.5" max="86.5,26,1.5"/>
        </regions>
    </spawn>
</spawns>
<kits>
<kit id="spawn-kit">
    <clear/>
    <item slot="0" material="iron sword" unbreakable="true"/>
    <item slot="1" material="bow" unbreakable="true"/>
    <item slot="2" material="stone pickaxe" unbreakable="true"/>
    <item slot="4" material="stained clay" team-color="true" amount="64"/>
    <item slot="6" material="arrow" amount="32"/>
    <item slot="7" material="tnt" amount="64"/>
    <item slot="8" material="golden apple"/>
    <chestplate material="iron chestplate" locked="true" unbreakable="true">
        <enchantment level="2">protection explosions</enchantment>
    </chestplate>
    <leggings material="chainmail leggings" locked="true" unbreakable="true">
        <enchantment level="2">protection explosions</enchantment>
    </leggings>
    <helmet material="leather helmet" team-color="true" locked="true" unbreakable="true"/>
    <boots material="leather boots" team-color="true" locked="true" unbreakable="true"/>
    <effect duration="3" amplifier="1">heal</effect>
    <effect duration="oo">night vision</effect>
    <attribute operation="add" amount="20">generic.maxHealth</attribute>
</kit>
</kits>
<destroyables materials="emerald block;redstone block">
    <destroyable name="South Monument" owner="green-team" show-progress="true">
        <region>
            <cuboid min="57,26,18" max="68,30,25"/>
        </region>
    </destroyable>
    <destroyable name="North Monument" owner="green-team" show-progress="true">
        <region>
            <cuboid min="57,26,-24" max="68,30,-17"/>
        </region>
    </destroyable>
    <destroyable name="South Monument" owner="red-team" show-progress="true">
        <region>
            <cuboid min="-67,26,18" max="-56,30,25"/>
        </region>
    </destroyable>
    <destroyable name="North Monument" owner="red-team" show-progress="true">
        <region>
            <cuboid min="-67,26,-24" max="-56,30,-17"/>
        </region>
    </destroyable>
</destroyables>
<filters>
    <any id="breakable">
        <any id="slow-regen">
            <any id="monument-blocks">
                <material>emerald block</material>
                <material>redstone block</material>
            </any>
            <material>stained clay</material>
            <material>cobblestone</material>
            <material>stone</material>
        </any>
        <material>ender stone</material>
    </any>
    <material id="end-stone">ender stone</material>
    <material id="only-tnt">tnt</material>
</filters>
<regions>
    <union id="corridor-protection">
        <cuboid min="67,25,-10" max="91,34,11"/>
        <cuboid min="-90,24,-10" max="-66,34,11"/>
    </union>
    <union id="monument-protection">
        <cuboid min="-75,24,10" max="-49,33,33"/>
        <cuboid min="-75,24,-32" max="-49,33,-9"/>
        <cuboid min="50,24,10" max="76,33,33"/>
        <cuboid min="50,24,-32" max="76,33,-9"/>
    </union>
    <apply block-break="never" block-place="never" region="corridor-protection" message="You may not edit the central corridor!"/>
    <apply block-break="monument-blocks" block-place="only-tnt" region="monument-protection" message="You may not edit the areas around the monuments!"/>
    <apply block-break="breakable" region="everywhere" message="You may not break that block!"/>
    <point id="green-spawner">68.5,25,0.5</point>
    <point id="red-spawner">-67.5,25,0.5</point>
</regions>
<renewables>
    <renewable region="everywhere" renew-filter="slow-regen" interval="200" avoid-players="12"></renewable>
    <renewable region="everywhere" renew-filter="end-stone" interval="5" avoid-players="4"></renewable>
</renewables>
<itemkeep>
    <item>tnt</item>
</itemkeep>
<itemremove>
    <item>cobblestone</item>
    <item>stone</item>
    <item>emerald block</item>
    <item>redstone block</item>
    <item>iron sword</item>
    <item>bow</item>
    <item>wood pickaxe</item>
    <item>arrow</item>
    <item>stained glass</item>
    <item>stained clay</item>
    <item>golden apple</item>
    <item>leather helmet</item>
    <item>leather boots</item>
    <item>iron chestplate</item>
    <item>chainmail leggings</item>
</itemremove>
<disabledamage>
    <damage ally="true" self="false" enemy="false">block explosion</damage>
</disabledamage>
<tnt>
    <instantignite>true</instantignite>
    <fuse>3s</fuse>
    <yield>0</yield>
</tnt>
<broadcasts>
    <tip after="5s">More tnt is granted on kills</tip>
    <tip after="10s">The color of the terracotta in the blocks shows how close you are to the other side</tip>
    <tip after="15s">A higher killstreak upgrades your armor's blast protection</tip>
    <tip after="10m" count="oo">The color of the stained clay indicates how close you are to the other side</tip>
</broadcasts>
<hunger>
    <depletion>off</depletion>
</hunger>
<kill-rewards>
    <kill-reward>
        <item material="tnt" amount="24"/>
        <item material="arrow" amount="8"/>
        <item material="golden apple"/>
    </kill-reward>
    <kill-reward>
        <filter>
            <kill-streak count="3" repeat="false"/>
        </filter>
        <chestplate material="iron chestplate" locked="true" unbreakable="true">
            <enchantment level="3">protection explosions</enchantment>
        </chestplate>
        <leggings material="chainmail leggings" locked="true" unbreakable="true">
            <enchantment level="3">protection explosions</enchantment>
        </leggings>
    </kill-reward>
    <kill-reward>
        <filter>
            <kill-streak count="6" repeat="false"/>
        </filter>
        <chestplate material="iron chestplate" locked="true" unbreakable="true">
            <enchantment level="4">protection explosions</enchantment>
        </chestplate>
        <leggings material="iron leggings" locked="true" unbreakable="true">
            <enchantment level="4">protection explosions</enchantment>
        </leggings>
    </kill-reward>
</kill-rewards>
<spawners>
    <spawner spawn-region="green-spawner" player-region="everywhere" max-entities="64" min-delay="0.5s" max-delay="1s">
        <item amount="1" material="tnt"/>
    </spawner>
    <spawner spawn-region="red-spawner" player-region="everywhere" max-entities="64" min-delay="0.5s" max-delay="1s">
        <item amount="1" material="tnt"/>
    </spawner>
</spawners>
</map>